dose_label,time_label,field,exposure_acq_ms,notes_red_time,flags
0,0,01a,,2:32,exposure_not_recorded[16]
20,0,01a,,2:38,exposure_not_recorded[16]
75,0,01a,1400,2:46,
300,0,01a,1600,2:52,
600,0,01a,1400,3:00,
0,30,01a,1400,3:09,digits_smudged[17]
20,30,01a,1200,3:13,
75,30,01a,1400,3:19,green_copied_from_red[19]
300,30,01a,1200,3:22,green_copied_from_red[19]
600,30,01a,2400,3:29,unique_02s_value[20];green_copied_from_red[19]
0,1h,01a,1400,3:47,
20,1h,01a,1200,3:54,
75,1h,01a,1400,3:04,notes_time_suspect_4:04[14]
300,1h,01a,1400,4:10,
600,1h,01a,1400,4:15,green_copied_from_red[19]
0,2h,01a,1400,4:27,
0,2h,01b,,,field_not_in_notes
20,2h,01a,1600,4:30,
75,2h,01a,1400,4:35,green_copied_from_red[19]
300,2h,01a,1600,4:40,
600,2h,01a,1400,4:43,
0,3h,01a,1400,4:50,cell_moved_note[21]
20,3h,01a,1400,4:58,
75,3h,01a,1600,5:08,
300,3h,01a,1600,5:13,cluster_field_a[22]
300,3h,01b,1400,5:17,normal_cells_b[22];digit_overwritten[23]
600,3h,01a,1400,5:22,written_01/400/01[24]
medium,medium,01a,1500,5:32,corrected_350_to_375[25]
